Workbook

Sheet Complete
A1: Region | B1: Industry | C1: Sector_Level | D1: Year | E1: Price_Type | F1: Price_Values
A2: {=INDEX(Reference!$A$2:$A$18, INT((ROW()-2)/(18*24*2)) + 1)} -> Bangsamoro Autonomous Region in Muslim Mindanao | B2: {=INDEX(Reference!$C$2:$C$19, MOD(ROW()-2, 18) + 1)} -> ..Agriculture, forestry, and fishing | C2: =IF(LEFT(B2,4)="....","Sub","Main") -> Main | D2: =2000 + MOD(INT((ROW()-2)/18), 24) -> 2000 | E2: =IF(MOD(INT((ROW()-2)/(18*24)), 2)=0, "At Current Prices", "At Constant 2018 Prices") -> At Current Prices | F2: 23764098
A3: {=INDEX(Reference!$A$2:$A$18, INT((ROW()-2)/(18*24*2)) + 1)} -> Bangsamoro Autonomous Region in Muslim Mindanao | B3: {=INDEX(Reference!$C$2:$C$19, MOD(ROW()-2, 18) + 1)} -> ..Industry | C3: =IF(LEFT(B3,4)="....","Sub","Main") -> Main | D3: =2000 + MOD(INT((ROW()-2)/18), 24) -> 2000 | E3: =IF(MOD(INT((ROW()-2)/(18*24)), 2)=0, "At Current Prices", "At Constant 2018 Prices") -> At Current Prices | F3: 4584902
A4: {=INDEX(Reference!$A$2:$A$18, INT((ROW()-2)/(18*24*2)) + 1)} -> Bangsamoro Autonomous Region in Muslim Mindanao | B4: {=INDEX(Reference!$C$2:$C$19, MOD(ROW()-2, 18) + 1)} -> ....Mining and quarrying | C4: =IF(LEFT(B4,4)="....","Sub","Main") -> Sub | D4: =2000 + MOD(INT((ROW()-2)/18), 24) -> 2000 | E4: =IF(MOD(INT((ROW()-2)/(18*24)), 2)=0, "At Current Prices", "At Constant 2018 Prices") -> At Current Prices | F4: 59313
A5: {=INDEX(Reference!$A$2:$A$18, INT((ROW()-2)/(18*24*2)) + 1)} -> Bangsamoro Autonomous Region in Muslim Mindanao | B5: {=INDEX(Reference!$C$2:$C$19, MOD(ROW()-2, 18) + 1)} -> ....Manufacturing | C5: =IF(LEFT(B5,4)="....","Sub","Main") -> Sub | D5: =2000 + MOD(INT((ROW()-2)/18), 24) -> 2000 | E5: =IF(MOD(INT((ROW()-2)/(18*24)), 2)=0, "At Current Prices", "At Constant 2018 Prices") -> At Current Prices | F5: 1352878
A6: {=INDEX(Reference!$A$2:$A$18, INT((ROW()-2)/(18*24*2)) + 1)} -> Bangsamoro Autonomous Region in Muslim Mindanao | B6: {=INDEX(Reference!$C$2:$C$19, MOD(ROW()-2, 18) + 1)} -> ....Electricity, steam, water and waste management | C6: =IF(LEFT(B6,4)="....","Sub","Main") -> Sub | D6: =2000 + MOD(INT((ROW()-2)/18), 24) -> 2000 | E6: =IF(MOD(INT((ROW()-2)/(18*24)), 2)=0, "At Current Prices", "At Constant 2018 Prices") -> At Current Prices | F6: 2298088
A7: {=INDEX(Reference!$A$2:$A$18, INT((ROW()-2)/(18*24*2)) + 1)} -> Bangsamoro Autonomous Region in Muslim Mindanao | B7: {=INDEX(Reference!$C$2:$C$19, MOD(ROW()-2, 18) + 1)} -> ....Construction | C7: =IF(LEFT(B7,4)="....","Sub","Main") -> Sub | D7: =2000 + MOD(INT((ROW()-2)/18), 24) -> 2000 | E7: =IF(MOD(INT((ROW()-2)/(18*24)), 2)=0, "At Current Prices", "At Constant 2018 Prices") -> At Current Prices | F7: 874623
A8: {=INDEX(Reference!$A$2:$A$18, INT((ROW()-2)/(18*24*2)) + 1)} -> Bangsamoro Autonomous Region in Muslim Mindanao | B8: {=INDEX(Reference!$C$2:$C$19, MOD(ROW()-2, 18) + 1)} -> ..Services | C8: =IF(LEFT(B8,4)="....","Sub","Main") -> Main | D8: =2000 + MOD(INT((ROW()-2)/18), 24) -> 2000 | E8: =IF(MOD(INT((ROW()-2)/(18*24)), 2)=0, "At Current Prices", "At Constant 2018 Prices") -> At Current Prices | F8: 17322650
A9: {=INDEX(Reference!$A$2:$A$18, INT((ROW()-2)/(18*24*2)) + 1)} -> Bangsamoro Autonomous Region in Muslim Mindanao | B9: {=INDEX(Reference!$C$2:$C$19, MOD(ROW()-2, 18) + 1)} -> ....Wholesale and retail trade; repair of motor vehicles and motorcycles | C9: =IF(LEFT(B9,4)="....","Sub","Main") -> Sub | D9: =2000 + MOD(INT((ROW()-2)/18), 24) -> 2000 | E9: =IF(MOD(INT((ROW()-2)/(18*24)), 2)=0, "At Current Prices", "At Constant 2018 Prices") -> At Current Prices | F9: 3499756
A10: {=INDEX(Reference!$A$2:$A$18, INT((ROW()-2)/(18*24*2)) + 1)} -> Bangsamoro Autonomous Region in Muslim Mindanao | B10: {=INDEX(Reference!$C$2:$C$19, MOD(ROW()-2, 18) + 1)} -> ....Transportation and storage | C10: =IF(LEFT(B10,4)="....","Sub","Main") -> Sub | D10: =2000 + MOD(INT((ROW()-2)/18), 24) -> 2000 | E10: =IF(MOD(INT((ROW()-2)/(18*24)), 2)=0, "At Current Prices", "At Constant 2018 Prices") -> At Current Prices | F10: 4633854
A11: {=INDEX(Reference!$A$2:$A$18, INT((ROW()-2)/(18*24*2)) + 1)} -> Bangsamoro Autonomous Region in Muslim Mindanao | B11: {=INDEX(Reference!$C$2:$C$19, MOD(ROW()-2, 18) + 1)} -> ....Accommodation and food service activities | C11: =IF(LEFT(B11,4)="....","Sub","Main") -> Sub | D11: =2000 + MOD(INT((ROW()-2)/18), 24) -> 2000 | E11: =IF(MOD(INT((ROW()-2)/(18*24)), 2)=0, "At Current Prices", "At Constant 2018 Prices") -> At Current Prices | F11: 225737
A12: {=INDEX(Reference!$A$2:$A$18, INT((ROW()-2)/(18*24*2)) + 1)} -> Bangsamoro Autonomous Region in Muslim Mindanao | B12: {=INDEX(Reference!$C$2:$C$19, MOD(ROW()-2, 18) + 1)} -> ....Information and communication | C12: =IF(LEFT(B12,4)="....","Sub","Main") -> Sub | D12: =2000 + MOD(INT((ROW()-2)/18), 24) -> 2000 | E12: =IF(MOD(INT((ROW()-2)/(18*24)), 2)=0, "At Current Prices", "At Constant 2018 Prices") -> At Current Prices | F12: 251824
A13: {=INDEX(Reference!$A$2:$A$18, INT((ROW()-2)/(18*24*2)) + 1)} -> Bangsamoro Autonomous Region in Muslim Mindanao | B13: {=INDEX(Reference!$C$2:$C$19, MOD(ROW()-2, 18) + 1)} -> ....Financial and insurance activities | C13: =IF(LEFT(B13,4)="....","Sub","Main") -> Sub | D13: =2000 + MOD(INT((ROW()-2)/18), 24) -> 2000 | E13: =IF(MOD(INT((ROW()-2)/(18*24)), 2)=0, "At Current Prices", "At Constant 2018 Prices") -> At Current Prices | F13: 96732
... A14689: {=INDEX(Reference!$A$2:$A$18, INT((ROW()-2)/(18*24*2)) + 1)} -> Zamboanga Peninsula | B14689: {=INDEX(Reference!$C$2:$C$19, MOD(ROW()-2, 18) + 1)} -> ....Other services | C14689: =IF(LEFT(B14689,4)="....","Sub","Main") -> Sub | D14689: =2000 + MOD(INT((ROW()-2)/18), 24) -> 2023 | E14689: =IF(MOD(INT((ROW()-2)/(18*24)), 2)=0, "At Current Prices", "At Constant 2018 Prices") -> At Constant 2018 Prices | F14689: 3063742

Sheet Reference
A1: Region | C1: Industry
A2: Bangsamoro Autonomous Region in Muslim Mindanao | C2: ..Agriculture, forestry, and fishing
A3: Bicol Region | C3: ..Industry
A4: Cagayan Valley | C4: ....Mining and quarrying
A5: CALABARZON | C5: ....Manufacturing
A6: Caraga | C6: ....Electricity, steam, water and waste management
A7: Central Luzon | C7: ....Construction
A8: Central Visayas | C8: ..Services
A9: Cordillera Administrative Region | C9: ....Wholesale and retail trade; repair of motor vehicles and motorcycles
A10: Davao Region | C10: ....Transportation and storage
A11: Eastern Visayas | C11: ....Accommodation and food service activities
A12: Ilocos Region | C12: ....Information and communication
... A18: Zamboanga Peninsula | C18: ....Human health and social work activities
C19: ....Other services
